{"cameraMode":{"drawMode":0,"name":"Shaded","section":"Shading Mode"},"sceneLighting":false,"audioPlay":false,"sceneViewState":{"showFog":false,"showMaterialUpdate":false,"showSkybox":false,"showFlares":false,"showImageEffects":false,"showParticleSystems":false},"in2DMode":false,"pivot":{"x":0.09999990463256836,"y":3.2779998779296877,"z":-5.139999866485596},"rotation":{"x":-0.05995061993598938,"y":-0.9160541296005249,"z":0.3676002025604248,"w":-0.1495046764612198},"size":7.4854302406311039,"orthographic":false}