{"cameraMode":{"drawMode":0,"name":"Shaded","section":"Shading Mode"},"sceneLighting":false,"audioPlay":false,"sceneViewState":{"showFog":false,"showMaterialUpdate":false,"showSkybox":false,"showFlares":false,"showImageEffects":false,"showParticleSystems":false},"in2DMode":false,"pivot":{"x":-10.390000343322754,"y":2.509999990463257,"z":-5.519999980926514},"rotation":{"x":0.0040330770425498489,"y":-0.9952597618103027,"z":0.08501149713993073,"w":0.04721644148230553},"size":11.190845489501954,"orthographic":false}