{"cameraMode":{"drawMode":0,"name":"Shaded","section":"Shading Mode"},"sceneLighting":true,"audioPlay":false,"sceneViewState":{"showFog":false,"showMaterialUpdate":false,"showSkybox":false,"showFlares":false,"showImageEffects":false,"showParticleSystems":false},"in2DMode":false,"pivot":{"x":-5.006596565246582,"y":2.0521202087402345,"z":1.2644819021224976},"rotation":{"x":-0.0004944500979036093,"y":0.9938923120498657,"z":-0.11138977855443955,"w":-0.004116721451282501},"size":19.858623504638673,"orthographic":false}