{"cameraMode":{"drawMode":0,"name":"Shaded","section":"Shading Mode"},"sceneLighting":false,"audioPlay":false,"sceneViewState":{"showFog":false,"showMaterialUpdate":false,"showSkybox":false,"showFlares":false,"showImageEffects":false,"showParticleSystems":false},"in2DMode":false,"pivot":{"x":-9.499650001525879,"y":2.673776865005493,"z":-1.2050000429153443},"rotation":{"x":-0.015328721143305302,"y":0.9634169936180115,"z":-0.26167032122612,"w":-0.056421175599098209},"size":2.344862699508667,"orthographic":false}