{"cameraMode":{"drawMode":0,"name":"Shaded","section":"Shading Mode"},"sceneLighting":false,"audioPlay":false,"sceneViewState":{"showFog":false,"showMaterialUpdate":false,"showSkybox":false,"showFlares":false,"showImageEffects":false,"showParticleSystems":false},"in2DMode":false,"pivot":{"x":-9.499650001525879,"y":2.673776865005493,"z":-1.2050000429153443},"rotation":{"x":0.009289498440921307,"y":0.8981111645698547,"z":-0.43951207399368288,"w":0.01923549175262451},"size":2.344862699508667,"orthographic":false}