{"cameraMode":{"drawMode":0,"name":"Shaded","section":"Shading Mode"},"sceneLighting":false,"audioPlay":false,"sceneViewState":{"showFog":false,"showMaterialUpdate":false,"showSkybox":false,"showFlares":false,"showImageEffects":false,"showParticleSystems":false},"in2DMode":false,"pivot":{"x":-19.399999618530275,"y":0.8799999952316284,"z":1.149999976158142},"rotation":{"x":0.011096341535449028,"y":0.044928133487701419,"z":-0.0005480980616994202,"w":0.9990447759628296},"size":3.0282797813415529,"orthographic":false}