{"cameraMode":{"drawMode":0,"name":"Shaded","section":"Shading Mode"},"sceneLighting":false,"audioPlay":false,"sceneViewState":{"showFog":false,"showMaterialUpdate":false,"showSkybox":false,"showFlares":false,"showImageEffects":false,"showParticleSystems":false},"in2DMode":false,"pivot":{"x":6.8294677734375,"y":-309.05096435546877,"z":-603.1749267578125},"rotation":{"x":-0.05995061993598938,"y":-0.9160541296005249,"z":0.3676002025604248,"w":-0.1495046764612198},"size":3514.350830078125,"orthographic":false}